time,occupancy,ambient_lux,temperature
06:00,0,12.8,20.40
06:15,0,19.3,20.64
06:30,2,95.4,21.27
06:45,1,136.7,21.28
07:00,0,189.6,21.65
07:15,2,166.7,21.27
07:30,1,237.0,22.18
07:45,1,300.5,22.20
08:00,2,334.9,22.51
08:15,3,375.0,23.38
08:30,2,377.2,23.24
08:45,2,444.4,23.75
09:00,3,435.7,23.84
09:15,4,468.5,24.40
09:30,4,478.4,24.67
09:45,5,490.1,24.88
10:00,4,542.5,25.44
10:15,5,,25.86
10:30,5,624.2,26.35
10:45,6,618.5,25.82
11:00,6,612.6,26.36
11:15,5,613.3,26.62
11:30,7,593.6,26.61
11:45,7,684.7,27.47
12:00,5,587.0,27.64
12:15,6,620.6,28.05
12:30,8,648.4,28.04
12:45,7,677.4,28.34
13:00,7,641.5,27.86
13:15,8,9999,28.64
13:30,5,584.7,28.87
13:45,5,578.4,29.04
14:00,6,603.2,29.00
14:15,6,548.6,29.10
14:30,6,544.3,28.76
14:45,6,514.7,29.00
15:00,5,483.3,29.44
15:15,5,394.1,28.95
15:30,5,388.2,29.38
15:45,4,392.6,28.52
16:00,4,340.8,29.17
16:15,5,,28.78
16:30,4,263.1,28.57
16:45,4,223.3,28.48
17:00,4,182.4,28.93
17:15,4,116.1,28.05
17:30,4,107.9,27.87
17:45,4,88.4,26.99
18:00,3,6.1,27.66
18:15,4,0.0,27.49
18:30,4,0.0,27.77
18:45,4,0.0,26.75
19:00,3,0.0,25.68
19:15,3,25.2,-127
19:30,3,23.8,26.17
19:45,4,0.0,25.50
20:00,2,15.6,25.62
20:15,0,27.2,24.54
20:30,2,0.0,24.71
20:45,2,0.0,24.38
21:00,2,3.5,23.97
21:15,2,26.2,23.58
21:30,3,0.0,23.62
21:45,0,3.3,23.24
22:00,1,16.0,22.25
22:15,0,15.4,22.10
22:30,0,0.0,22.47
22:45,1,36.8,21.51
23:00,0,0.0,21.73
23:15,1,0.0,21.69
23:30,1,0.0,20.36
23:45,1,0.0,20.52
