timestamp,occupancy,ambient_light,temperature,lighting_demand,light_1,light_2,light_3,light_4
2026-10-01 10:16:59,3,150,27,75,75,60,80,70
2026-10-01 10:30:27,8,791,26.0,65,66,63,65,61
2026-10-01 10:30:28,7,850,23.7,53,48,50,54,51
2026-10-01 10:30:29,4,838,26.8,33,29,41,38,36
2026-10-01 10:30:30,7,737,31.2,63,63,67,66,58
2026-10-01 10:30:31,3,838,30.7,26,24,22,25,24
2026-10-01 10:30:32,7,613,25.0,73,73,80,71,73
2026-10-01 10:30:33,2,614,24.3,38,37,32,43,42
2026-10-01 10:30:34,5,758,23.4,47,48,48,48,51
2026-10-01 10:30:35,3,779,24.6,31,27,36,26,24
2026-10-01 10:30:36,8,425,30.7,96,98,92,91,100
2026-10-01 10:30:37,6,694,29.0,59,62,60,60,56
2026-10-01 10:30:38,4,639,30.7,50,54,45,45,58
2026-10-01 10:30:39,8,498,30.1,90,92,82,90,84
2026-10-01 10:30:40,4,702,27.1,44,48,36,39,41
2026-10-01 10:30:41,4,802,27.2,36,39,30,35,30
2026-10-01 10:30:42,4,639,24.3,50,46,47,54,42
2026-10-01 10:30:43,5,614,28.4,59,61,66,59,67
2026-10-01 10:30:44,8,426,24.3,96,99,100,95,98
2026-10-01 10:30:45,7,817,27.9,56,59,63,58,53
2026-10-01 10:30:46,7,467,27.8,85,86,83,90,82
2026-10-01 10:30:47,2,513,32.0,46,51,48,50,42
2026-10-01 10:30:48,3,836,29.6,26,21,26,30,19
2026-10-01 10:30:49,5,484,27.1,70,70,65,67,62
2026-10-01 10:30:50,4,830,24.8,34,29,29,29,42
2026-10-01 10:30:51,1,777,23.2,17,17,22,21,16
2026-10-01 10:30:52,3,668,29.6,40,43,43,39,41
2026-10-01 10:30:53,1,886,26.7,8,5,4,6,11
2026-10-01 10:30:54,5,890,25.3,36,32,36,39,41
2026-10-01 10:30:55,8,594,29.7,82,86,76,83,83
2026-10-01 10:30:56,3,811,30.0,28,31,30,25,25
2026-10-01 10:30:57,2,437,27.9,53,53,49,53,52
2026-10-01 10:30:58,6,873,29.8,44,44,45,39,52
2026-10-01 10:30:59,4,791,27.6,37,42,40,38,29
2026-10-01 10:31:00,8,404,29.2,97,93,100,95,100
2026-10-01 10:31:01,7,853,23.7,53,48,57,53,54
2026-10-01 10:31:02,2,762,26.0,26,30,30,25,30
2026-10-01 10:31:03,6,627,24.0,65,63,70,60,66
2026-10-01 10:31:04,8,427,23.6,95,90,100,98,92
2026-10-01 10:31:05,7,402,30.5,90,93,95,92,98
2026-10-01 10:31:06,7,582,30.6,76,74,73,71,68
2026-10-01 10:31:07,4,613,30.5,52,56,44,53,48
2026-10-01 10:31:08,7,479,24.5,84,80,83,85,85
2026-10-01 10:31:09,2,623,29.0,37,41,37,39,35
2026-10-01 10:31:10,4,485,26.1,63,68,60,67,60
2026-10-01 10:31:11,4,481,28.6,63,60,65,58,63
2026-10-01 10:31:12,8,763,27.6,67,72,68,71,64
2026-10-01 10:31:13,8,817,23.1,63,58,60,66,58
2026-10-01 10:31:14,4,805,30.3,36,35,42,35,43
2026-10-01 10:31:15,4,733,31.7,42,39,48,42,50
2026-10-01 10:31:16,6,574,24.3,69,65,76,74,64
2026-10-01 10:31:17,2,485,28.2,49,46,51,52,43
2026-10-01 10:31:18,3,843,27.8,26,22,27,21,23
2026-10-01 10:31:19,6,854,28.2,46,46,40,42,42
2026-10-01 10:31:20,8,731,25.5,70,71,62,75,74
2026-10-01 10:31:21,7,594,25.2,74,71,75,78,66
2026-10-01 10:31:22,7,845,23.1,54,55,50,50,61
2026-10-01 10:31:23,1,494,24.7,41,44,38,40,38
2026-10-01 10:31:24,8,752,27.3,68,70,76,64,63
2026-10-01 10:31:25,5,864,26.5,38,34,46,35,37
2026-10-01 10:31:26,6,664,24.4,62,60,66,67,67
2026-10-01 10:31:27,7,713,25.3,65,66,66,68,69
2026-10-01 10:31:28,4,672,31.8,47,42,51,51,45
2026-10-01 10:31:29,1,518,23.9,39,42,46,44,42
2026-10-01 10:31:30,7,447,28.2,87,86,79,86,88
2026-10-01 10:31:31,8,505,25.9,89,90,88,89,84
2026-10-01 10:31:32,2,787,25.1,23,26,17,28,16
2026-10-01 10:31:33,1,643,27.8,28,32,27,28,22
2026-10-01 10:31:34,6,429,32.0,81,83,79,81,88
2026-10-01 10:31:35,4,400,30.0,70,68,76,74,74
2026-10-01 10:31:36,3,889,28.6,22,18,16,17,23
2026-10-01 10:31:37,8,893,32.0,57,58,61,58,56
2026-10-01 10:31:38,5,426,25.8,74,76,70,76,76
2026-10-01 10:31:39,4,685,30.9,46,45,46,51,47
2026-10-01 10:31:40,8,694,28.2,73,77,65,73,75
2026-10-01 10:31:41,4,617,24.0,52,51,58,47,46
2026-10-01 10:31:42,3,480,30.2,56,55,62,61,62
2026-10-01 10:31:43,8,868,26.6,59,59,66,55,57
2026-10-01 10:31:44,1,557,26.6,36,33,43,31,29
2026-10-01 10:31:45,4,588,30.2,54,55,60,51,48
2026-10-01 10:31:46,6,796,23.4,51,52,49,52,58
2026-10-01 10:31:47,2,623,31.6,37,42,31,37,43
2026-10-01 10:31:48,7,550,25.7,78,76,82,79,84
2026-10-01 10:31:49,6,597,23.8,67,69,65,64,60
2026-10-01 10:31:50,8,852,30.8,60,60,68,57,53
2026-10-01 10:31:51,4,665,29.4,48,51,47,49,49
2026-10-01 10:31:52,6,640,24.6,64,62,62,62,56
2026-10-01 10:31:53,7,691,27.3,66,64,62,68,60
2026-10-01 10:31:54,1,458,28.4,44,45,47,41,50
2026-10-01 10:31:55,4,655,24.6,48,52,46,53,41
2026-10-01 10:31:56,7,876,29.9,51,49,57,48,58
2026-10-01 10:31:57,2,659,24.6,34,32,41,38,39
2026-10-01 10:31:58,5,841,27.2,40,38,44,44,41
2026-10-01 10:31:59,6,689,25.3,60,57,68,58,60
2026-10-01 10:32:00,1,596,29.1,32,37,35,32,34
2026-10-01 10:32:01,4,533,28.7,59,60,65,62,64
2026-10-01 10:32:02,2,506,25.8,47,46,54,45,42
2026-10-01 10:32:03,5,495,23.1,69,67,67,74,68
2026-10-01 10:32:04,2,432,30.1,53,51,56,53,56
2026-10-01 10:32:05,1,747,31.5,20,18,24,19,15
2026-10-01 10:32:06,3,674,25.0,40,42,32,35,34
2026-10-01 10:32:07,8,658,25.7,76,81,83,80,84
2026-10-01 10:32:08,6,643,25.4,63,66,60,59,71
2026-10-01 10:32:09,7,544,23.2,79,80,78,77,80
2026-10-01 10:32:10,3,554,25.1,50,47,58,54,42
2026-10-01 10:32:11,4,549,30.7,57,54,62,54,59
2026-10-01 10:32:12,6,890,26.5,43,38,44,38,35
2026-10-01 10:32:13,1,532,28.7,38,41,36,34,43
2026-10-01 10:32:14,8,585,23.1,82,86,87,87,74
2026-10-01 10:32:15,5,704,27.2,51,50,45,48,56
2026-10-01 10:32:16,6,473,25.3,78,76,75,74,71
2026-10-01 10:32:17,1,480,25.8,42,47,46,44,47
2026-10-01 10:32:18,3,881,27.4,23,19,26,27,17
2026-10-01 10:32:19,6,784,26.8,52,48,48,55,57
2026-10-01 10:32:20,7,441,30.7,87,91,83,82,89
2026-10-01 10:32:21,6,518,30.0,74,76,69,75,70
2026-10-01 10:32:22,6,475,28.6,77,76,72,81,85
2026-10-01 10:32:23,1,808,25.0,15,19,15,15,9
2026-10-01 10:32:24,6,628,26.0,65,64,61,69,63
2026-10-01 10:32:25,7,463,25.4,85,85,86,85,84
2026-10-01 10:32:27,8,724,29.8,71,75,65,66,66
2026-10-01 10:32:28,2,536,26.0,44,48,46,45,36
2026-10-01 10:32:29,6,850,31.2,46,45,43,45,54
2026-10-01 10:32:30,4,608,29.2,52,48,52,52,52
2026-10-01 10:32:31,7,469,24.0,85,83,80,80,83
2026-10-01 10:32:32,7,736,27.2,63,66,69,63,63
2026-10-01 10:32:33,2,463,32.0,50,48,56,47,51
2026-10-01 10:32:34,7,751,25.8,61,62,69,61,67
2026-10-01 10:32:35,4,630,30.3,50,52,48,48,54
2026-10-01 10:32:36,7,644,31.9,70,65,69,69,75
2026-10-01 10:32:37,5,648,26.9,56,51,49,57,53
2026-10-01 10:32:38,7,570,28.0,76,72,78,76,73
2026-10-01 10:32:39,8,694,26.9,73,69,70,73,70
2026-10-01 10:32:40,8,735,24.3,70,72,73,69,78
2026-10-01 10:32:41,8,843,26.1,61,63,69,64,62
2026-10-01 10:32:42,8,747,29.9,69,71,73,64,69
2026-10-01 10:32:43,4,862,30.8,31,33,37,26,38
2026-10-01 10:32:44,6,535,25.4,72,75,66,69,67
2026-10-01 10:32:45,1,899,23.9,7,12,11,10,15
2026-10-01 10:32:46,4,766,25.6,39,44,34,39,46
2026-10-01 10:32:47,6,708,24.7,58,62,53,57,51
2026-10-01 10:32:48,5,896,24.6,35,35,30,32,38
2026-10-01 10:32:49,1,726,26.9,22,17,28,18,21
2026-10-01 10:32:50,1,559,23.3,35,39,41,38,38
2026-10-01 10:32:51,1,423,26.8,47,43,43,51,43
2026-10-01 10:32:52,4,826,26.1,34,31,32,38,27
2026-10-01 10:32:53,1,714,31.2,22,25,15,21,16
2026-10-01 10:32:54,1,634,26.5,29,25,34,27,24
2026-10-01 10:32:55,1,756,27.3,19,19,12,17,11
2026-10-01 10:32:56,2,707,29.4,30,35,35,31,23
2026-10-01 10:32:57,1,606,29.4,32,36,35,34,34
2026-10-01 10:32:58,7,421,24.6,89,92,85,89,83
2026-10-01 10:32:59,1,589,26.8,33,31,36,33,30
2026-10-01 10:33:00,2,745,23.8,27,26,21,26,21
2026-10-01 10:33:01,2,445,27.6,52,52,56,47,54
2026-10-01 10:33:02,7,487,29.0,83,87,76,83,79
2026-10-01 10:33:03,8,508,31.1,89,86,81,94,96
2026-10-01 10:33:04,3,824,31.8,27,29,26,24,26
2026-10-01 10:33:05,3,758,26.5,33,38,32,36,26
2026-10-01 10:33:06,4,698,25.2,45,45,50,50,53
2026-10-01 10:33:07,1,714,23.6,22,26,25,24,23
2026-10-01 10:33:08,1,768,30.7,18,16,18,13,12
2026-10-01 10:33:09,2,630,28.0,36,34,44,38,32
2026-10-01 10:33:10,1,856,27.5,11,11,14,15,12
2026-10-01 10:33:11,1,599,27.7,32,30,32,34,40
2026-10-01 10:33:12,1,727,25.3,21,24,22,19,19
2026-10-01 10:33:13,2,560,29.6,42,46,41,43,42
2026-10-01 10:33:14,1,422,27.6,47,51,44,50,48
2026-10-01 10:33:15,4,728,25.4,42,46,42,37,45
2026-10-01 10:33:16,6,709,25.6,58,58,59,57,64
2026-10-01 10:33:17,2,721,25.9,29,32,28,26,28
2026-10-01 10:33:18,1,641,31.3,29,25,35,27,28
2026-10-01 10:33:19,6,541,27.9,72,69,66,70,74
2026-10-01 10:33:20,1,526,31.7,38,40,36,35,38
2026-10-01 10:33:21,4,752,24.6,40,41,41,44,47
2026-10-01 10:33:22,1,580,26.6,34,31,38,33,30
2026-10-01 10:33:23,3,447,31.8,59,64,55,64,52
2026-10-01 10:33:24,3,574,26.3,48,47,55,47,55
2026-10-01 10:33:25,6,611,30.4,66,70,71,69,73
2026-10-01 10:33:26,4,409,24.1,69,71,74,64,76
2026-10-01 10:33:27,4,786,24.6,38,37,45,41,40
2026-10-01 10:33:28,8,849,29.0,60,63,62,55,64
2026-10-01 10:33:29,3,524,30.2,52,55,59,52,46
2026-10-01 10:33:30,3,416,29.0,61,64,64,64,69
2026-10-01 10:33:31,8,470,28.6,92,96,87,92,100
2026-10-01 10:33:32,3,691,28.2,38,33,40,36,44
2026-10-01 10:33:33,2,682,31.7,32,31,38,31,26
2026-10-01 10:33:34,4,407,26.3,69,74,74,71,70
2026-10-01 10:33:35,7,685,24.6,67,66,62,62,64
2026-10-01 10:33:36,8,473,26.2,92,89,95,94,95
2026-10-01 10:33:37,8,814,31.9,63,58,62,63,61
2026-10-01 10:33:38,4,853,24.9,32,33,34,33,27
2026-10-01 10:33:39,2,462,26.5,50,47,54,54,50
2026-10-01 10:33:40,7,785,29.3,59,58,66,59,66
2026-10-01 10:36:33,7,815,29.2,56,58,63,52,60
2026-10-01 10:36:33,1,474,24.3,42,38,39,45,37
2026-10-01 10:36:34,8,520,29.1,88,88,90,88,94
2026-10-01 10:36:35,2,718,23.7,29,33,37,30,37
2026-10-01 10:36:36,3,466,27.6,57,55,58,57,62
2026-10-01 10:36:37,2,687,25.6,32,36,27,30,29
2026-10-01 10:36:38,6,782,31.6,52,48,53,48,47
2026-10-01 10:36:39,7,440,23.3,87,92,92,85,89
2026-10-01 10:36:40,7,493,25.0,83,81,84,82,83
2026-10-01 10:36:41,2,630,31.5,36,39,37,35,41
2026-10-01 10:36:42,7,887,27.2,50,45,55,49,57
2026-10-01 10:36:43,3,682,26.1,39,39,42,39,33
2026-10-01 10:36:44,3,699,24.5,38,43,38,36,33
2026-10-01 10:36:45,7,517,26.7,81,86,83,82,83
2026-10-01 10:36:46,7,779,26.6,59,59,51,55,56
2026-10-01 10:36:47,8,561,27.4,84,89,86,89,79
2026-10-01 10:36:48,1,725,26.7,22,21,29,17,19
2026-10-01 10:36:49,5,451,27.3,72,74,79,67,67
